from,to
13764769198,13234567890
13764769198,13123456789
13764769198,13345678901
13764769198,13456789012
13123456789,13764769198
13123456789,13234567890
13123456789,13345678901
13123456789,13456789012
13234567890,13764769198
13234567890,13123456789
13234567890,13345678901
13234567890,13456789012
13345678901,13764769198
13345678901,13123456789
13345678901,13234567890
13345678901,13456789012
13456789012,13764769198
13456789012,13123456789
13456789012,13234567890
13456789012,13345678901
